model,human_quality,authenticity_score,empathy_score,engagement_score,emotion_provoking_score,narrative_complexity_score,human_or_llm_score
gpt-4,,3.2666666666666666,3.088888888888889,2.8777777777777778,3.011111111111111,2.6777777777777776,3.066666666666667
human,high,3.5,3.1,3.35,3.15,2.95,2.45
human,low,3.066666666666667,2.933333333333333,3.3333333333333335,3.0,3.066666666666667,3.0
human,mid,3.4,3.066666666666667,3.066666666666667,2.6666666666666665,3.1333333333333333,2.8
lmsys_vicuna-33b-v1.3,,2.9647058823529413,2.4823529411764707,3.176470588235294,2.6,2.9647058823529413,3.0
meta-llama_Llama-2-13b-chat-hf,,3.1333333333333333,3.022222222222222,3.1555555555555554,3.077777777777778,2.6222222222222222,2.7111111111111112
meta-llama_Llama-2-70b-chat-hf,,3.2444444444444445,2.9555555555555557,3.066666666666667,2.966666666666667,3.1333333333333333,3.033333333333333
meta-llama_Llama-2-7b-chat-hf,,3.0,2.8421052631578947,2.831578947368421,2.736842105263158,2.463157894736842,3.336842105263158
