component,human_ordinal_weighted_krippendorffs_alpha,llm_ordinal_weighted_krippendorffs_alpha,human_vs_llm_spearman_corr,human_vs_llm_spearman_p_value
authenticity_score,0.7109631538263332,0.9027637203446128,0.2671892666550286,0.0072022975427744
emotion_provoking_score,0.7126901805120459,0.8970038034330206,0.4697259627046519,8.2087470309476e-07
empathy_score,0.7461661906155694,0.8952796654469423,0.5271816684953113,1.750979699499794e-08
engagement_score,0.7065287028388091,0.8987460820422076,0.097606541719672,0.3339925758585539
human_likeness_score,0.5884225744716262,0.8248594189315841,0.105416912151507,0.2965652843847377
narrative_complexity_score,0.7359567666697059,0.8984188173724293,0.214314172723798,0.0322626087299348
