component,human_ordinal_weighted_krippendorffs_alpha,llm_ordinal_weighted_krippendorffs_alpha,human_vs_llm_spearman_corr,human_vs_llm_spearman_p_value
authenticity_score,0.7109631538263335,0.9205724161424104,0.0873641613540727,0.3874165430022257
emotion_provoking_score,0.7126901805120459,0.9347478176527646,0.0556767353416603,0.5821860005226549
empathy_score,0.7461661906155698,0.9314042037734572,0.119758159296489,0.2353058407687375
engagement_score,0.7065287028388093,0.8685814511320936,-0.003382127979475,0.9733586773409996
human_or_llm_score,0.5884225744716257,0.9325977338791004,-0.0402091098216572,0.6912225522540161
narrative_complexity_score,0.7359567666697059,0.8649913491159219,-0.0160517735855615,0.874055078245663
