component,human_ordinal_weighted_krippendorffs_alpha,llm_ordinal_weighted_krippendorffs_alpha,human_vs_llm_spearman_corr,human_vs_llm_spearman_p_value
authenticity_score,0.7109631538263335,0.9027637203446128,0.0207966852725302,0.8372796265683541
emotion_provoking_score,0.7126901805120459,0.8970038034330206,0.1278467649532966,0.2049397641462703
empathy_score,0.7461661906155698,0.8952796654469423,0.0421302562804028,0.6772705249556829
engagement_score,0.7065287028388093,0.8987460820422076,-0.1414274408373801,0.1604501868130239
human_or_llm_score,0.5884225744716257,0.8248594189315842,0.1063598277862096,0.292241501938098
narrative_complexity_score,0.7359567666697059,0.8984188173724293,0.0700687364931475,0.4884789488787829
