model_short,story_len
Llama-2-7B,430.46666666666664
Llama-2-13B,469.3888888888889
Vicuna-33B,385.1
Llama-2-70B,557.4666666666667
GPT-4,527.9333333333333
Human-High,390.26666666666665
Human-Low,379.73333333333335
Human-Mid,428.73333333333335
ALL,446.1361111111111
