score,f_stat,p_value
authenticity_score,6.934554820845491,7.088621034250796e-08
empathy_score,6.766758974417297,1.1462359020410948e-07
engagement_score,11.736129528349647,8.219791967450842e-14
emotion_provoking_score,6.680214250636082,1.468556625010318e-07
narrative_complexity_score,11.73801924411109,8.176271401070858e-14
human_likeness_score,14.494725820936413,3.849973715949529e-17
Average,9.725067106549337,5.5394271174463776e-08
