score,f_stat,p_value
authenticity_score,5.301964997331846,1.6361837750974355e-06
empathy_score,7.1745163853280145,3.1086163740709985e-09
engagement_score,3.7120453771604263,0.00028043347852713395
emotion_provoking_score,5.086504841777534,3.328670120560006e-06
narrative_complexity_score,3.3182657890324063,0.0009550155272548044
human_likeness_score,3.86691543349262,0.00017201941311468076
Average,4.7433688040204744,0.00023540606356810842
