component,authenticity_score,empathy_score,engagement_score,emotion_provoking_score,narrative_complexity_score,human_likeness_score
authenticity_score,1.0,0.6255280263679414,0.580517848084892,0.6039884784630477,0.4950406838664524,0.4784463340265043
empathy_score,0.6255280263679414,1.0,0.5901521065068597,0.7285186437756269,0.42548247375101467,0.5243908037958217
engagement_score,0.580517848084892,0.5901521065068597,1.0,0.6524222569898802,0.6273484465934608,0.6759794327087549
emotion_provoking_score,0.6039884784630477,0.7285186437756269,0.6524222569898802,1.0,0.5145231091185859,0.5626556338175117
narrative_complexity_score,0.4950406838664524,0.42548247375101467,0.6273484465934608,0.5145231091185859,1.0,0.536087668907876
human_likeness_score,0.4784463340265043,0.5243908037958217,0.6759794327087549,0.5626556338175117,0.536087668907876,1.0
