component,human_ordinal_weighted_krippendorffs_alpha,llm_ordinal_weighted_krippendorffs_alpha,human_vs_llm_spearman_corr,human_vs_llm_spearman_p_value,human_vs_llm_permutation_test_stat,human_vs_llm_permutation_test_p_value
authenticity_score,0.7112945179169181,0.8825242718446608,0.47290729248212726,1.0017334627591826e-06,0.47290729248212726,0.0002
emotion_provoking_score,0.7146288304309167,0.887413761801017,0.41824818979791184,2.017080834428903e-05,0.41824818979791184,0.0002
empathy_score,0.7448353205052531,0.9299021871457956,0.6023903389656036,6.686765841885751e-11,0.6023903389656036,0.0002
engagement_score,0.7048047756296081,0.8784318150070385,0.14698439562437643,0.1508096155606032,0.14698439562437643,0.149
human_likeness_score,0.5917473153917538,0.8293696165866304,0.08333323696123533,0.41707268193359126,0.08333323696123533,0.4074
narrative_complexity_score,0.7416704405770845,0.9269167413230064,0.5269427236075296,2.9456901841583314e-08,0.5269427236075296,0.0002
