score,f_stat,p_value
authenticity_score,2.6339616848827223,0.03354492184224259
empathy_score,3.918974412972518,0.003829786976521679
engagement_score,3.0717654670103194,0.016189950545010576
emotion_provoking_score,1.5167973705454967,0.19599927390033886
narrative_complexity_score,1.2986422441398737,0.2695239017536902
human_likeness_score,4.657416195436312,0.0010663170312616528
Average,2.8495928958312073,0.08669235867484426
