component,human_ordinal_weighted_krippendorffs_alpha,llm_ordinal_weighted_krippendorffs_alpha,human_vs_llm_spearman_corr,human_vs_llm_spearman_p_value,human_vs_llm_permutation_test_stat,human_vs_llm_permutation_test_p_value
authenticity_score,0.7112945179169181,0.8514475473831101,0.376310063712407,0.00014539431830559927,0.376310063712407,0.0004
emotion_provoking_score,0.7146288304309167,0.9054142204827136,0.37786251618498895,0.00013577078698205616,0.37786251618498895,0.0006
empathy_score,0.7448353205052531,0.9230449517232563,0.3596711880895513,0.00029654034236194465,0.3596711880895513,0.0006
engagement_score,0.7048047756296081,0.8716386510862548,0.18262903661308272,0.0733799597353115,0.18262903661308272,0.0714
human_likeness_score,0.5917473153917538,0.6343001261034049,0.14118149035694527,0.1677805468219706,0.14118149035694527,0.1568
narrative_complexity_score,0.7416704405770845,0.8762063845582782,0.1828756907318894,0.07298572376018661,0.1828756907318894,0.076
