component,human_ordinal_weighted_krippendorffs_alpha,llm_ordinal_weighted_krippendorffs_alpha,human_vs_llm_spearman_corr,human_vs_llm_spearman_p_value,human_vs_llm_permutation_test_stat,human_vs_llm_permutation_test_p_value
authenticity_score,0.7112945179169181,0.9499016664941515,0.27703622501385605,0.006012358279782377,0.27703622501385605,0.0058
emotion_provoking_score,0.7146288304309167,0.961928677863067,0.5780225544425579,5.663598530901358e-10,0.5780225544425579,0.0002
empathy_score,0.7448353205052531,0.9770650962915806,0.6625999406000479,1.4436109744966382e-13,0.6625999406000479,0.0002
engagement_score,0.7048047756296081,0.9101675740649088,0.3833841410571595,0.00010612330634242221,0.3833841410571595,0.0002
human_likeness_score,0.5917473153917538,0.9605948762483717,0.2533761173836198,0.012275603357606149,0.2533761173836198,0.0144
narrative_complexity_score,0.7416704405770845,0.9656285974853109,0.6040526461489528,5.741767853610053e-11,0.6040526461489528,0.0002
