component,human_ordinal_weighted_krippendorffs_alpha,llm_ordinal_weighted_krippendorffs_alpha,human_vs_llm_spearman_corr,human_vs_llm_spearman_p_value,human_vs_llm_permutation_test_stat,human_vs_llm_permutation_test_p_value
authenticity_score,0.7112945179169181,,0.22047678873014545,0.03000126524896106,0.22047678873014545,0.029
emotion_provoking_score,0.7146288304309167,,0.5180954065208667,5.475475246976522e-08,0.5180954065208667,0.0002
empathy_score,0.7448353205052531,,0.5790220262427047,5.206278157946055e-10,0.5790220262427047,0.0002
engagement_score,0.7048047756296081,,0.24769912709103284,0.014438016682981359,0.24769912709103284,0.016
human_likeness_score,0.5917473153917538,,0.2282680546601802,0.02452438166773294,0.2282680546601802,0.022
narrative_complexity_score,0.7416704405770845,,0.5880924005873063,2.3932116686161534e-10,0.5880924005873063,0.0002
