component,authenticity_score,empathy_score,engagement_score,emotion_provoking_score,narrative_complexity_score,human_likeness_score
authenticity_score,1.0,0.6298189172815194,0.5919525119605737,0.6005179181188299,0.49302499900806646,0.4673702018301548
empathy_score,0.6298189172815194,1.0,0.6019102618755279,0.717567900527697,0.4269664553446954,0.5115367570938925
engagement_score,0.5919525119605737,0.6019102618755279,1.0,0.6476896362581007,0.6253655631082844,0.6653067748097178
emotion_provoking_score,0.6005179181188299,0.717567900527697,0.6476896362581007,1.0,0.5230235408110502,0.5548228890834592
narrative_complexity_score,0.49302499900806646,0.4269664553446954,0.6253655631082844,0.5230235408110502,1.0,0.5409642842157397
human_likeness_score,0.4673702018301548,0.5115367570938925,0.6653067748097178,0.5548228890834592,0.5409642842157397,1.0
