component,human_ordinal_weighted_krippendorffs_alpha,llm_ordinal_weighted_krippendorffs_alpha,human_vs_llm_spearman_corr,human_vs_llm_spearman_p_value,human_vs_llm_permutation_test_stat,human_vs_llm_permutation_test_p_value
authenticity_score,0.7112945179169181,0.8828752390057365,0.418383625778031,2.0033786052469306e-05,0.418383625778031,0.0008
emotion_provoking_score,0.7146288304309167,0.92566654380145,0.548289734931866,6.1219271384888695e-09,0.548289734931866,0.0002
empathy_score,0.7448353205052531,0.9213816771113101,0.6732446035731073,4.199246440344936e-14,0.6732446035731073,0.0002
engagement_score,0.7048047756296081,0.8835389930898323,0.30986169942698033,0.0020109111578986406,0.30986169942698033,0.0018
human_likeness_score,0.5917473153917538,0.9266109398967085,0.34568652747251366,0.0005242611692765386,0.34568652747251366,0.0008
narrative_complexity_score,0.7416704405770845,0.9294776173233117,0.5679666787779704,1.300861475777082e-09,0.5679666787779704,0.0002
