component,human_ordinal_weighted_krippendorffs_alpha,llm_ordinal_weighted_krippendorffs_alpha,human_vs_llm_spearman_corr,human_vs_llm_spearman_p_value,human_vs_llm_permutation_test_stat,human_vs_llm_permutation_test_p_value
authenticity_score,0.7112945179169181,0.8898343663550089,0.311921242589182,0.0018694208097953986,0.311921242589182,0.0012
emotion_provoking_score,0.7146288304309167,0.9607131261253282,0.49933133564344867,1.9263897309643567e-07,0.49933133564344867,0.0002
empathy_score,0.7448353205052531,0.9703861322857723,0.5886418077957836,2.2813903582759404e-10,0.5886418077957836,0.0002
engagement_score,0.7048047756296081,0.9545042355074873,0.37085084596424284,0.00018448230033790754,0.37085084596424284,0.0002
human_likeness_score,0.5917473153917538,0.9604575163398681,0.06041260145084854,0.5566537217365057,0.06041260145084854,0.5578
narrative_complexity_score,0.7416704405770845,0.9463394023200432,0.47030632998132016,1.169609210407426e-06,0.47030632998132016,0.0002
