component,authenticity_score,empathy_score,engagement_score,emotion_provoking_score,narrative_complexity_score,human_likeness_score
authenticity_score,1.0,0.6897351545763282,0.6334440687161776,0.6450157167036611,0.5713097436788531,0.529831284996521
empathy_score,0.6897351545763282,1.0,0.6504394333178741,0.7807439017839288,0.5528924025127997,0.5523405790934184
engagement_score,0.6334440687161776,0.6504394333178741,1.0,0.7070568731121379,0.6576324087864536,0.6520112901613281
emotion_provoking_score,0.6450157167036611,0.7807439017839288,0.7070568731121379,1.0,0.5916658519808324,0.5927259345768671
narrative_complexity_score,0.5713097436788531,0.5528924025127997,0.6576324087864536,0.5916658519808324,1.0,0.5473428542588763
human_likeness_score,0.529831284996521,0.5523405790934184,0.6520112901613281,0.5927259345768671,0.5473428542588763,1.0
