component,human_ordinal_weighted_krippendorffs_alpha,llm_ordinal_weighted_krippendorffs_alpha,human_vs_llm_spearman_corr,human_vs_llm_spearman_p_value,human_vs_llm_permutation_test_stat,human_vs_llm_permutation_test_p_value
authenticity_score,0.7112945179169181,0.849705575660921,0.3821063706027112,0.00011239329048920954,0.3821063706027112,0.0002
emotion_provoking_score,0.7146288304309167,0.8400281786643121,0.4038161911789168,4.101831421599314e-05,0.4038161911789168,0.0002
empathy_score,0.7448353205052531,0.8591771682727951,0.522542507363751,4.018377660433982e-08,0.522542507363751,0.0002
engagement_score,0.7048047756296081,0.8517349389768896,0.35085110554051363,0.00042606913459026434,0.35085110554051363,0.0004
human_likeness_score,0.5917473153917538,0.8979748079559261,-0.13179430235792144,0.1981579198129982,-0.13179430235792144,0.196
narrative_complexity_score,0.7416704405770845,0.9059369202226342,0.43663815738634476,7.778796731253618e-06,0.43663815738634476,0.0002
