component,human_ordinal_weighted_krippendorffs_alpha,llm_ordinal_weighted_krippendorffs_alpha,human_vs_llm_spearman_corr,human_vs_llm_spearman_p_value,human_vs_llm_permutation_test_stat,human_vs_llm_permutation_test_p_value
authenticity_score,0.7112945179169181,1.0,0.1108030877912076,0.2799338916035358,0.1108030877912076,0.301
emotion_provoking_score,0.7146288304309167,1.0,0.44398984141798825,5.231530063670709e-06,0.44398984141798825,0.0002
empathy_score,0.7448353205052531,1.0,0.5685674020727963,1.2387875445372282e-09,0.5685674020727963,0.0002
engagement_score,0.7048047756296081,1.0,0.353967908153694,0.0003753006645890501,0.353967908153694,0.0008
human_likeness_score,0.5917473153917538,1.0,-0.005311273652217277,0.9588217562728432,-0.005311273652217277,0.9714
narrative_complexity_score,0.7416704405770845,1.0,0.4010531263391435,4.681617808433857e-05,0.4010531263391435,0.0002
