component,human_ordinal_weighted_krippendorffs_alpha,llm_ordinal_weighted_krippendorffs_alpha,human_vs_llm_spearman_corr,human_vs_llm_spearman_p_value,human_vs_llm_permutation_test_stat,human_vs_llm_permutation_test_p_value
authenticity_score,0.7112945179169181,0.8817445656843377,0.4155346528998322,2.3108227143966738e-05,0.4155346528998322,0.0002
emotion_provoking_score,0.7146288304309167,0.9240706279482406,0.5886462274239452,2.280511518359946e-10,0.5886462274239452,0.0002
empathy_score,0.7448353205052531,0.9267390589009543,0.7015995715994618,1.2023761427155047e-15,0.7015995715994618,0.0002
engagement_score,0.7048047756296081,0.7178093689903207,0.27437750339891054,0.006534574123569913,0.27437750339891054,0.0066
human_likeness_score,0.5917473153917538,0.8629399473800596,0.23994280275401836,0.017922293484919163,0.23994280275401836,0.018
narrative_complexity_score,0.7416704405770845,0.922701617432326,0.5615666419690492,2.176912901220388e-09,0.5615666419690492,0.0002
