model_short,authenticity_score,empathy_score,engagement_score,emotion_provoking_score,narrative_complexity_score,human_likeness_score
Llama-2-7B,2.933333333333333,2.6444444444444444,2.7777777777777777,2.6333333333333333,2.466666666666667,2.888888888888889
Llama-2-13B,2.9555555555555557,2.7333333333333334,2.511111111111111,2.533333333333333,2.433333333333333,2.4
Vicuna-33B,2.8266666666666667,2.7066666666666666,2.68,2.6,2.6,2.3333333333333335
Llama-2-70B,3.088888888888889,2.988888888888889,3.011111111111111,2.9444444444444446,2.7333333333333334,2.688888888888889
GPT-4,3.888888888888889,3.6777777777777776,3.9444444444444446,3.533333333333333,3.8,3.911111111111111
Human-Novice,2.7333333333333334,2.066666666666667,3.2666666666666666,2.6666666666666665,2.2,3.933333333333333
Human-Intermediate,3.533333333333333,2.933333333333333,3.8,3.2666666666666666,3.0,4.4
Human-Advanced,3.6,2.95,3.9,3.65,2.95,4.2
