model_short,story_len
Llama-2-7B,482.42105263157896
Llama-2-13B,516.6111111111111
Vicuna-33B,427.4117647058824
Llama-2-70B,646.3888888888889
GPT-4,519.8333333333334
Human-Low,161.0
Human-Mid,372.3333333333333
Human-High,362.5
ALL,436.06243550051596
