score,f_stat,p_value
authenticity_score,7.433806677797192,1.644146744654343e-08
empathy_score,7.379999871233135,1.919125650410239e-08
engagement_score,12.24256256967501,1.828138470301133e-14
emotion_provoking_score,6.755895361988954,1.1530246487878555e-07
narrative_complexity_score,11.672972386191269,9.098310910363664e-14
Average,9.097047373377112,3.018705961878504e-08
