component,human_unweighted_cohens_kappa,human_unweighted_krippendorffs_alpha,human_linear_weighted_cohens_kappa,human_linear_weighted_krippendorffs_alpha,human_ordinal_weighted_cohens_kappa,human_ordinal_weighted_krippendorffs_alpha,pairwise_spearman_corr,pairwise_spearman_p_value
authenticity_score,0.03460570289076458,0.024104418119873048,0.07860650456445059,0.5912967720782634,0.10185920421466774,0.7481137651337957,,
empathy_score,0.03665714604349292,0.033506746870427664,0.09489056707807757,0.5892104264889179,0.13409519469564005,0.7450709369750176,,
engagement_score,0.06301767059304521,0.056702096059717766,0.14319132757781874,0.5986345907969675,0.18695409904679022,0.7475025076089249,,
emotion_provoking_score,0.005439869450510122,-0.0022888962348857236,0.07730760361912158,0.5799886318880993,0.12168015613278105,0.7416037983894811,,
narrative_complexity_score,0.035005222841979336,0.028910546863868215,0.09108859287448787,0.5993559602177198,0.13379000788496354,0.7578695391980851,,
human_likeness_score,0.05015086667359474,0.04168415162959855,0.15379589208097533,0.5323447416617058,0.2002695972229172,0.6707841179066621,,
