component,human_ordinal_weighted_krippendorffs_alpha,llm_ordinal_weighted_krippendorffs_alpha,human_vs_llm_spearman_corr,human_vs_llm_spearman_p_value,human_vs_llm_permutation_test_stat,human_vs_llm_permutation_test_p_value
authenticity_score,0.7112945179169181,,-0.11066922310128949,0.2805188929182095,-0.11066922310128949,0.2918
emotion_provoking_score,0.7146288304309167,,0.2544573523418544,0.011897427288239355,0.2544573523418544,0.0118
empathy_score,0.7448353205052531,,0.19443654517207465,0.05633841699411873,0.19443654517207465,0.0584
engagement_score,0.7048047756296081,,0.18349915762243374,0.07199681544006607,0.18349915762243374,0.0712
human_likeness_score,0.5917473153917538,,-0.13530300339560944,0.18637124663372745,-0.13530300339560944,0.2714
narrative_complexity_score,0.7416704405770845,,0.39389201568623317,6.559508585602084e-05,0.39389201568623317,0.0004
