component,human_unweighted_cohens_kappa,human_unweighted_krippendorffs_alpha,human_unweighted_fleiss_kappa,human_linear_weighted_cohens_kappa,human_linear_weighted_krippendorffs_alpha,human_linear_weighted_fleiss_kappa,human_ordinal_weighted_cohens_kappa,human_ordinal_weighted_krippendorffs_alpha,human_ordinal_weighted_fleiss_kappa,pairwise_spearman_corr,pairwise_spearman_p_value
authenticity_score,0.010514130064691842,0.005333918674202908,0.0032788234648521257,0.035827884785297824,0.551802666959337,0.5508766394117325,0.0558025620016025,0.7112945179169181,0.7106980189869944,0.06501870647672925,0.405898707161381
empathy_score,0.07246975981222417,0.06894109314130568,0.0670174177139117,0.14190932546995932,0.5948530279778065,0.5940159474570995,0.19160838567666008,0.7448353205052531,0.7443081207542309,0.2238246442313107,0.10760624437879499
engagement_score,0.05014219026667392,0.04649330181245076,0.044523246650906234,0.11603332929505072,0.5578602502239927,0.5569467383442901,0.1522356198711459,0.7048047756296081,0.7041948681412395,0.18220416962602126,0.28506421021439704
emotion_provoking_score,-0.007815974234236625,-0.011591594196612523,-0.01368165947387825,0.05857407143873635,0.552590488169851,0.5516660883520201,0.10259682256109258,0.7146288304309167,0.7140392205764352,0.1422569939499727,0.210750370704858
narrative_complexity_score,0.05047136965022232,0.04626814172651013,0.04429762135817645,0.12002985674504064,0.5877164607189839,0.5868646352246015,0.16895996676878303,0.7416704405770845,0.7411367018179463,0.19773771509385613,0.20825435309636955
human_likeness_score,0.034514477134502106,0.030834327632683744,0.028831919218701665,0.08324452199983597,0.46060917406867286,0.45949473021344284,0.10938275093875624,0.5917473153917538,0.5909038181095054,0.1255117793713939,0.2629451869737381
