component,human_ordinal_weighted_krippendorffs_alpha,llm_ordinal_weighted_krippendorffs_alpha,human_vs_llm_spearman_corr,human_vs_llm_spearman_p_value,human_vs_llm_permutation_test_stat,human_vs_llm_permutation_test_p_value
authenticity_score,0.7112945179169181,1.0,0.24077799216122575,0.01751521331696755,0.24077799216122575,0.0162
emotion_provoking_score,0.7146288304309167,1.0,0.4743114091119984,9.208647901436571e-07,0.4743114091119984,0.0002
empathy_score,0.7448353205052531,1.0,0.6077265252736862,4.087322399797778e-11,0.6077265252736862,0.0002
engagement_score,0.7048047756296081,1.0,0.2861313335645632,0.00449452104793581,0.2861313335645632,0.0048
human_likeness_score,0.5917473153917538,1.0,0.1859901199529212,0.06815305386432889,0.1859901199529212,0.0722
narrative_complexity_score,0.7416704405770845,1.0,0.5421848047104312,9.702494191369019e-09,0.5421848047104312,0.0002
