participant_id,authenticity_score,empathy_score,engagement_score,emotion_provoking_score,narrative_complexity_score,human_likeness_score
2,2.948453608247423,2.948453608247423,3.329896907216495,2.7216494845360826,2.9072164948453607,3.4536082474226806
3,3.185567010309278,3.1752577319587627,3.082474226804124,3.1237113402061856,2.731958762886598,2.7731958762886597
4,3.422680412371134,3.020618556701031,3.2577319587628866,3.020618556701031,3.0309278350515463,3.0
6,3.0,2.5051546391752577,2.7010309278350517,2.8350515463917527,2.6597938144329896,2.577319587628866
7,3.2783505154639174,3.0,2.9587628865979383,2.783505154639175,2.7010309278350517,3.185567010309278
