model_short,authenticity_score,empathy_score,engagement_score,emotion_provoking_score,narrative_complexity_score,human_likeness_score
Llama-2-7B,2.9157894736842107,2.6210526315789475,2.768421052631579,2.642105263157895,2.4842105263157896,2.873684210526316
Llama-2-13B,2.9555555555555557,2.7333333333333334,2.511111111111111,2.533333333333333,2.433333333333333,2.4
Vicuna-33B,2.764705882352941,2.588235294117647,2.611764705882353,2.588235294117647,2.552941176470588,2.4352941176470586
Llama-2-70B,3.088888888888889,2.988888888888889,3.011111111111111,2.9444444444444446,2.7333333333333334,2.688888888888889
GPT-4,3.888888888888889,3.6777777777777776,3.9444444444444446,3.533333333333333,3.8,3.911111111111111
Human-Novice,2.7333333333333334,2.066666666666667,3.2666666666666666,2.6666666666666665,2.2,3.933333333333333
Human-Intermediate,3.533333333333333,2.933333333333333,3.8,3.2666666666666666,3.0,4.4
Human-Advanced,3.6,2.95,3.9,3.65,2.95,4.2
