score,f_stat,p_value
authenticity_score,2.2871897560204455,0.05909445586224034
empathy_score,3.6026822713916187,0.006601483157668091
engagement_score,3.182168804377075,0.013469270687689062
emotion_provoking_score,1.58973726409276,0.1757999206184035
narrative_complexity_score,1.4009049773755657,0.23255116387696298
human_likeness_score,4.496519485798487,0.0014161708947447475
Average,2.7598670931759917,0.08148874418295145
