model_short,story_len
Llama-2-7B,469.05555555555554
Llama-2-13B,516.6111111111111
Vicuna-33B,449.06666666666666
Llama-2-70B,646.3888888888889
GPT-4,519.8333333333334
Human-Novice,161.0
Human-Intermediate,349.0
Human-Advanced,360.5
ALL,433.93194444444447
