component,human_ordinal_weighted_krippendorffs_alpha,llm_ordinal_weighted_krippendorffs_alpha,human_vs_llm_spearman_corr,human_vs_llm_spearman_p_value
authenticity_score,0.7112945179169181,0.9186446525712142,-0.0288007711313974,0.7794501996854891
emotion_provoking_score,0.7146288304309167,0.9333806699523854,-0.0132059663545641,0.8978457521155202
empathy_score,0.7448353205052531,0.9302334405925564,0.0405876416097218,0.6930476837832404
engagement_score,0.7048047756296081,0.8665437484073093,-0.0115979441220062,0.9102291665747766
human_likeness_score,0.5917473153917538,0.9312065889854634,0.2253953707817159,0.0264353310405289
narrative_complexity_score,0.7416704405770845,0.8619000757858541,0.0719029619473271,0.4839970347926415
