component,human_ordinal_weighted_krippendorffs_alpha,llm_ordinal_weighted_krippendorffs_alpha,human_vs_llm_spearman_corr,human_vs_llm_spearman_p_value
authenticity_score,0.7109631538263332,0.92057241614241,0.3795537773020997,9.83592199565135e-05
emotion_provoking_score,0.7126901805120459,0.9347478176527646,0.4458086792412031,3.3479628377252687e-06
empathy_score,0.7461661906155694,0.9314042037734572,0.5352060898108555,9.647157048023796e-09
engagement_score,0.7065287028388091,0.8685814511320938,0.3571768706611246,0.0002643256343965
human_likeness_score,0.5884225744716262,0.9325977338791008,0.155518368027193,0.1223346878421486
narrative_complexity_score,0.7359567666697059,0.8649913491159219,0.4901230415779678,2.2687946110829145e-07
