component,human_ordinal_weighted_krippendorffs_alpha,llm_ordinal_weighted_krippendorffs_alpha,human_vs_llm_spearman_corr,human_vs_llm_spearman_p_value,human_vs_llm_permutation_test_stat,human_vs_llm_permutation_test_p_value
authenticity_score,0.7112945179169181,0.9224466115976463,0.4819535502721061,5.785704391833675e-07,0.4819535502721061,0.0002
emotion_provoking_score,0.7146288304309167,0.9450271294685739,0.5660798201564798,1.5158330489951162e-09,0.5660798201564798,0.0002
empathy_score,0.7448353205052531,0.9194621938232159,0.641723294407502,1.414288857373646e-12,0.641723294407502,0.0002
engagement_score,0.7048047756296081,0.8982432572642434,0.4218372371691013,1.682073158577572e-05,0.4218372371691013,0.0002
human_likeness_score,0.5917473153917538,0.8537852697722197,0.32649527185692456,0.0010990962331181252,0.32649527185692456,0.0018
narrative_complexity_score,0.7416704405770845,0.9196149581695396,0.4241350823827058,1.4957895407487172e-05,0.4241350823827058,0.0002
