component,human_ordinal_weighted_krippendorffs_alpha,llm_ordinal_weighted_krippendorffs_alpha,human_vs_llm_spearman_corr,human_vs_llm_spearman_p_value,human_vs_llm_permutation_test_stat,human_vs_llm_permutation_test_p_value
authenticity_score,0.7112945179169181,,0.4536576890294051,3.061166205797648e-06,0.4536576890294051,0.0002
emotion_provoking_score,0.7146288304309167,,0.44285881816506345,5.564102050272656e-06,0.44285881816506345,0.0002
empathy_score,0.7448353205052531,,0.5120970949870699,8.253672733870407e-08,0.5120970949870699,0.0002
engagement_score,0.7048047756296081,,0.2922634710308056,0.003674250621205918,0.2922634710308056,0.0034
human_likeness_score,0.5917473153917538,,0.23576892904116806,0.020081136938513322,0.23576892904116806,0.0242
narrative_complexity_score,0.7416704405770845,,0.38404956928580275,0.00010298819609452625,0.38404956928580275,0.0002
