component,human_ordinal_weighted_krippendorffs_alpha,llm_ordinal_weighted_krippendorffs_alpha,human_vs_llm_spearman_corr,human_vs_llm_spearman_p_value,human_vs_llm_permutation_test_stat,human_vs_llm_permutation_test_p_value
authenticity_score,0.7112945179169181,,0.386736411584871,9.118386482362668e-05,0.386736411584871,0.0004
emotion_provoking_score,0.7146288304309167,,0.3550537848959679,0.0003589630468609,0.3550537848959679,0.0006
empathy_score,0.7448353205052531,,0.4637152953583378,1.7222511115148963e-06,0.4637152953583378,0.0002
engagement_score,0.7048047756296081,,0.1799739075983953,0.0777331875648643,0.1799739075983953,0.0802
human_likeness_score,0.5917473153917538,,0.0495643717163579,0.6297202023860742,0.0495643717163579,0.6344
narrative_complexity_score,0.7416704405770845,,0.3289429401070419,0.0010026970814621,0.3289429401070419,0.0014
