strategy,authenticity_score,empathy_score,engagement_score,emotion_provoking_score,narrative_complexity_score,human_likeness_score
plan_write,3.144186046511628,2.958139534883721,2.86046511627907,2.9069767441860463,2.883720930232558,2.7534883720930234
writer_profile,3.106382978723404,2.8893617021276596,3.072340425531915,2.795744680851064,2.723404255319149,2.970212765957447
