component,human_ordinal_weighted_krippendorffs_alpha,llm_ordinal_weighted_krippendorffs_alpha,human_vs_llm_spearman_corr,human_vs_llm_spearman_p_value,human_vs_llm_permutation_test_stat,human_vs_llm_permutation_test_p_value
authenticity_score,0.7112945179169181,0.9292238470191228,0.2524860222917239,0.0125947483599455,0.2524860222917239,0.0148
emotion_provoking_score,0.7146288304309167,0.9475746893278454,0.5695352051941632,1.1447152928117135e-09,0.5695352051941632,0.0002
empathy_score,0.7448353205052531,0.9649291583799698,0.6793272364957156,2.0260671670840384e-14,0.6793272364957156,0.0002
engagement_score,0.7048047756296081,0.9119743925505605,0.2774754434547347,0.0059297454200903,0.2774754434547347,0.0066
human_likeness_score,0.5917473153917538,0.9650451536732106,0.1686322018779527,0.0987076430893764,0.1686322018779527,0.0982
narrative_complexity_score,0.7416704405770845,0.959281951310079,0.6163139347801292,1.8152440806234137e-11,0.6163139347801292,0.0002
