component,human_ordinal_weighted_krippendorffs_alpha,llm_ordinal_weighted_krippendorffs_alpha,human_vs_llm_spearman_corr,human_vs_llm_spearman_p_value,human_vs_llm_permutation_test_stat,human_vs_llm_permutation_test_p_value
authenticity_score,0.7112945179169181,0.9022200273855754,0.38672181922468846,9.124443093039614e-05,0.38672181922468846,0.0002
emotion_provoking_score,0.7146288304309167,0.9004296410328178,0.4759941740876893,8.320899612582579e-07,0.4759941740876893,0.0002
empathy_score,0.7448353205052531,0.9059504274980569,0.5938182472054169,1.4470166689011078e-10,0.5938182472054169,0.0002
engagement_score,0.7048047756296081,0.8368974615689462,0.3701522011090726,0.0001901326963117105,0.3701522011090726,0.0004
human_likeness_score,0.5917473153917538,0.8945057640421877,-0.025487625624105167,0.8042813696593564,-0.025487625624105167,0.7982
narrative_complexity_score,0.7416704405770845,0.8966906199944153,0.5055580418940093,1.2796020011023652e-07,0.5055580418940093,0.0002
