score,f_stat,p_value
authenticity_score,10.705836606297401,7.183999007491496e-16
empathy_score,7.3831390104212185,1.9732340886799239e-10
engagement_score,14.52727148000457,4.444320121673391e-22
emotion_provoking_score,9.433456164244822,8.704438322679107e-14
narrative_complexity_score,12.186200505013797,2.7553335814014087e-18
human_likeness_score,29.885296985558625,1.1719794864196061e-45
Average,14.020200125256741,3.290186240114966e-11
