component,human_ordinal_weighted_krippendorffs_alpha,llm_ordinal_weighted_krippendorffs_alpha,human_vs_llm_spearman_corr,human_vs_llm_spearman_p_value,human_vs_llm_permutation_test_stat,human_vs_llm_permutation_test_p_value
authenticity_score,0.7112945179169181,0.927385553146699,0.3764439739456804,0.0001445399578951,0.3764439739456804,0.0004
emotion_provoking_score,0.7146288304309167,0.9113151900951936,0.4428690839521806,5.56099584493291e-06,0.4428690839521806,0.0002
empathy_score,0.7448353205052531,0.9254730218749536,0.5630596952921993,1.93241347801448e-09,0.5630596952921993,0.0002
engagement_score,0.7048047756296081,0.8695935226215875,0.3226230011839585,0.001268931336944,0.3226230011839585,0.0014
human_likeness_score,0.5917473153917538,0.9178926960217734,-0.005659947245928,0.9561210947767153,-0.005659947245928,0.956
narrative_complexity_score,0.7416704405770845,0.9198700469015372,0.5212634731242561,4.3943498081822984e-08,0.5212634731242561,0.0002
