component,human_ordinal_weighted_krippendorffs_alpha,human_vs_llm_spearman_corr,human_vs_llm_spearman_p_value
authenticity_score,0.7112945179169181,0.3609545057706606,0.0002810617251541
emotion_provoking_score,0.7146288304309167,0.470658043139734,1.1454445776325666e-06
empathy_score,0.7448353205052531,0.5751201537975452,7.220717422337135e-10
engagement_score,0.7048047756296081,0.1153689191053082,0.2604685992085764
human_likeness_score,0.5917473153917538,0.2189354870122993,0.0311992049430381
narrative_complexity_score,0.7416704405770845,0.4946518270962264,2.6059365526634094e-07
