component,human_ordinal_weighted_krippendorffs_alpha,llm_ordinal_weighted_krippendorffs_alpha,human_vs_llm_spearman_corr,human_vs_llm_spearman_p_value,human_vs_llm_permutation_test_stat,human_vs_llm_permutation_test_p_value
authenticity_score,0.7112945179169181,0.8983608131134946,0.3174522806695394,0.0015328624037827,0.3174522806695394,0.001
emotion_provoking_score,0.7146288304309167,0.956702631562987,0.395935101935102,5.962422905697808e-05,0.395935101935102,0.0002
empathy_score,0.7448353205052531,0.9649600764732345,0.4668919445722178,1.4306610233669117e-06,0.4668919445722178,0.0002
engagement_score,0.7048047756296081,0.9470817430025448,0.2271737626903773,0.025237954606373,0.2271737626903773,0.025
human_likeness_score,0.5917473153917538,0.863663758090297,-0.1366600781935941,0.1819519843329702,-0.1366600781935941,0.1828
narrative_complexity_score,0.7416704405770845,0.944946538994478,0.4664860029227122,1.4651313720921672e-06,0.4664860029227122,0.0002
