component,human_ordinal_weighted_krippendorffs_alpha,llm_ordinal_weighted_krippendorffs_alpha,human_vs_llm_spearman_corr,human_vs_llm_spearman_p_value,human_vs_llm_permutation_test_stat,human_vs_llm_permutation_test_p_value
authenticity_score,0.7112945179169181,,-0.1106692231012894,0.2805188929182095,-0.1106692231012894,0.2918
emotion_provoking_score,0.7146288304309167,,0.2544573523418544,0.0118974272882393,0.2544573523418544,0.0118
empathy_score,0.7448353205052531,,0.1944365451720746,0.0563384169941187,0.1944365451720746,0.0584
engagement_score,0.7048047756296081,,0.1834991576224337,0.071996815440066,0.1834991576224337,0.0712
human_likeness_score,0.5917473153917538,,-0.1353030033956094,0.1863712466337274,-0.1353030033956094,0.2714
narrative_complexity_score,0.7416704405770845,,0.3938920156862331,6.559508585602084e-05,0.3938920156862331,0.0004
