component,human_ordinal_weighted_krippendorffs_alpha,llm_ordinal_weighted_krippendorffs_alpha,human_vs_llm_spearman_corr,human_vs_llm_spearman_p_value,human_vs_llm_permutation_test_stat,human_vs_llm_permutation_test_p_value
authenticity_score,0.7112945179169181,,0.2567142543398414,0.0111406651721099,0.2567142543398414,0.0124
emotion_provoking_score,0.7146288304309167,,0.4932580584015825,2.8488565739881125e-07,0.4932580584015825,0.0002
empathy_score,0.7448353205052531,,0.642659826862273,1.281457945755791e-12,0.642659826862273,0.0002
engagement_score,0.7048047756296081,,0.2621186498731144,0.0094971697617005,0.2621186498731144,0.0092
human_likeness_score,0.5917473153917538,,0.225130927883638,0.0266174386668644,0.225130927883638,0.027
narrative_complexity_score,0.7416704405770845,,0.5244276108469754,3.519718901748664e-08,0.5244276108469754,0.0002
