component,human_ordinal_weighted_krippendorffs_alpha,llm_ordinal_weighted_krippendorffs_alpha,human_vs_llm_spearman_corr,human_vs_llm_spearman_p_value,human_vs_llm_permutation_test_stat,human_vs_llm_permutation_test_p_value
authenticity_score,0.7112945179169181,,0.0786269520764281,0.4439542022420775,0.0786269520764281,0.4498
emotion_provoking_score,0.7146288304309167,,0.3315934768717783,0.0009070452447006,0.3315934768717783,0.0008
empathy_score,0.7448353205052531,,0.4248205555244449,1.4440832370417252e-05,0.4248205555244449,0.0002
engagement_score,0.7048047756296081,,0.1980805154855096,0.0517877867757719,0.1980805154855096,0.0536
human_likeness_score,0.5917473153917538,,-0.210177646100621,0.0387986746694623,-0.210177646100621,0.0362
narrative_complexity_score,0.7416704405770845,,0.4641057631044277,1.6835956150538026e-06,0.4641057631044277,0.0002
